{
    "CNN": [
        [
            [
                1,
                [
                    3,
                    3
                ]
            ]
        ],
        [
            [
                1,
                [
                    3,
                    3
                ]
            ]
        ],
        [
            [
                1,
                [
                    3,
                    3
                ]
            ]
        ],
        [
            [
                1,
                [
                    3,
                    3
                ]
            ]
        ],
        [
            [
                1,
                [
                    3,
                    3
                ]
            ]
        ],
        [
            [
                1,
                [
                    3,
                    3
                ]
            ]
        ]
    ],
    "Dense": [
        [
            16
        ],
        [
            16
        ],
        [
            16
        ],
        [
            16
        ],
        [
            16
        ],
        [
            16
        ]
    ],
    "act_func": [
        "relu",
        "relu",
        "relu",
        "relu",
        "sigmoid",
        "sigmoid"
    ],
    "batch_size": [
        16,
        32,
        64,
        128,
        16,
        32
    ],
    "filename": [
        "model_configs/model0_savefile",
        "model_configs/model1_savefile",
        "model_configs/model2_savefile",
        "model_configs/model3_savefile",
        "model_configs/model4_savefile",
        "model_configs/model5_savefile"
    ],
    "accuracy": [
        0.9237222075462341,
        0.917296290397644,
        0.9233518242835999,
        0.913351833820343,
        0.9010370373725891,
        0.896574079990387
    ]
}