{"CNN": ["[()]", "[()]", "[()]", "[()]", "[()]"], "Dense": ["[(32,)]", "[(64,)]", "[(128,)]", "[(256,)]", "[(32, 32)]"], "batch_size": [64, 64, 64, 64, 64], "filename": ["model_configs/model0_savefile", "model_configs/model1_savefile", "model_configs/model2_savefile", "model_configs/model3_savefile", "model_configs/model4_savefile"], "accuracy": [0.9527222514152527, 0.9663518667221069, 0.9766666889190674, 0.9815555810928345, 0.9574815034866333], "num1": [4, 4, 3, 8, 9], "num2": [1, 7, 1, 2, 0]}