{"CNN": ["[()]", "[()]", "[()]", "[()]", "[()]", "[()]", "[()]", "[()]", "[()]", "[()]", "[()]", "[()]", "[()]", "[()]", "[()]", "[()]", "[()]", "[()]", "[()]", "[()]", "[()]", "[()]", "[()]", "[()]", "[()]", "[()]", "[()]", "[()]"], "Dense": ["[(32,)]", "[(64,)]", "[(128,)]", "[(256,)]", "[(32, 32)]", "[(32, 64)]", "[(32, 128)]", "[(32, 256)]", "[(64, 32)]", "[(64, 64)]", "[(64, 128)]", "[(64, 256)]", "[(128, 32)]", "[(128, 64)]", "[(128, 128)]", "[(128, 256)]", "[(256, 32)]", "[(256, 64)]", "[(256, 128)]", "[(256, 256)]", "[(32, 32, 32)]", "[(32, 32, 64)]", "[(32, 32, 128)]", "[(32, 32, 256)]", "[(32, 64, 32)]", "[(32, 64, 64)]", "[(32, 64, 128)]", "[(32, 64, 256)]"], "batch_size": [64, 64, 64, 64, 64, 64, 64, 64, 64, 64, 64, 64, 64, 64, 64, 64, 64, 64, 64, 64, 64, 64, 64, 64, 64, 64, 64, 64], "filename": ["model_configs/model0_savefile", "model_configs/model1_savefile", "model_configs/model2_savefile", "model_configs/model3_savefile", "model_configs/model4_savefile", "model_configs/model5_savefile", "model_configs/model6_savefile", "model_configs/model7_savefile", "model_configs/model8_savefile", "model_configs/model9_savefile", "model_configs/model10_savefile", "model_configs/model11_savefile", "model_configs/model12_savefile", "model_configs/model13_savefile", "model_configs/model14_savefile", "model_configs/model15_savefile", "model_configs/model16_savefile", "model_configs/model17_savefile", "model_configs/model18_savefile", "model_configs/model19_savefile", "model_configs/model20_savefile", "model_configs/model21_savefile", "model_configs/model22_savefile", "model_configs/model23_savefile", "model_configs/model24_savefile", "model_configs/model25_savefile", "model_configs/model26_savefile", "model_configs/model27_savefile"], "accuracy": [0.9527222514152527, 0.9663518667221069, 0.9766666889190674, 0.9815555810928345, 0.9574815034866333, 0.9597777724266052, 0.9622222185134888, 0.967203676700592, 0.9700185060501099, 0.9721851944923401, 0.9757037162780762, 0.9757592678070068, 0.9776852130889893, 0.9802036881446838, 0.9813148379325867, 0.9816666841506958, 0.9825740456581116, 0.9835000038146973, 0.985370397567749, 0.985537052154541, 0.9619629383087158, 0.9596666693687439, 0.9646111130714417, 0.9641481637954712, 0.9614444375038147, 0.9642221927642822, 0.9659814834594727, 0.9683889150619507], "num1": [4, 4, 3, 8, 9, 5, 3, 6, 1, 3, 1, 7, 6, 5, 6, 0, 8, 6, 9, 8, 1, 3, 3, 6, 8, 6, 8, 2], "num2": [1, 7, 1, 2, 0, 1, 6, 8, 6, 7, 6, 6, 8, 9, 1, 8, 6, 3, 1, 9, 7, 5, 0, 8, 3, 8, 7, 1]}