{"CNN": [[[1, [2, 2]]], [[1, [2, 2]]], [[1, [2, 2]]], [[1, [2, 2]]], [[1, [2, 2]]], [[1, [2, 2]]], [[1, [2, 2]]], [[1, [2, 2]]], [[1, [2, 2]]], [[1, [2, 2]]], [[1, [2, 2]]], [[1, [2, 2]]], [[1, [2, 2]]], [[1, [2, 2]]], [[1, [2, 2]]]], "Dense": [[16], [16], [16], [16], [16], [16], [16], [16], [16], [16], [16], [16], [32], [32], [32]], "act_func": ["relu", "relu", "relu", "relu", "sigmoid", "sigmoid", "sigmoid", "sigmoid", "tanh", "tanh", "tanh", "tanh", "relu", "relu", "relu"], "batch_size": [16, 32, 64, 128, 16, 32, 64, 128, 16, 32, 64, 128, 16, 32, 64], "filename": ["model_configs/model0_savefile", "model_configs/model1_savefile", "model_configs/model2_savefile", "model_configs/model3_savefile", "model_configs/model4_savefile", "model_configs/model5_savefile", "model_configs/model6_savefile", "model_configs/model7_savefile", "model_configs/model8_savefile", "model_configs/model9_savefile", "model_configs/model10_savefile", "model_configs/model11_savefile", "model_configs/model12_savefile", "model_configs/model13_savefile", "model_configs/model14_savefile"], "accuracy": [0.8912962675094604, 0.9209259152412415, 0.9252407550811768, 0.8603147864341736, 0.9068148136138916, 0.8892222046852112, 0.8617222309112549, 0.8309629559516907, 0.9247592687606812, 0.9257222414016724, 0.9120185375213623, 0.9151852130889893, 0.9329074025154114, 0.9451296329498291, 0.11318518221378326]}