{"CNN": [[[1, [2, 2]]], [[1, [2, 2]]], [[1, [2, 2]]], [[1, [2, 2]]], [[1, [2, 2]]], [[1, [2, 2]]], [[1, [2, 2]]], [[1, [2, 2]]], [[1, [2, 2]]], [[1, [2, 2]]], [[1, [2, 2]]], [[1, [2, 2]]], [[1, [2, 2]]], [[1, [2, 2]]], [[1, [2, 2]]]], "Dense": [[16], [16], [16], [16], [16], [16], [16], [16], [16], [16], [16], [16], [16], [16], [16]], "act_func": ["relu", "relu", "relu", "relu", "relu", "sigmoid", "sigmoid", "sigmoid", "sigmoid", "sigmoid", "tanh", "tanh", "tanh", "tanh", "tanh"], "batch_size": [4, 8, 16, 32, 64, 4, 8, 16, 32, 64, 4, 8, 16, 32, 64], "filename": ["model_configs/model0_savefile", "model_configs/model1_savefile", "model_configs/model2_savefile", "model_configs/model3_savefile", "model_configs/model4_savefile", "model_configs/model5_savefile", "model_configs/model6_savefile", "model_configs/model7_savefile", "model_configs/model8_savefile", "model_configs/model9_savefile", "model_configs/model10_savefile", "model_configs/model11_savefile", "model_configs/model12_savefile", "model_configs/model13_savefile", "model_configs/model14_savefile"], "accuracy": [0.921500027179718, 0.11318518221378326, 0.11318518221378326, 0.9169444441795349, 0.9186481237411499, 0.8992778062820435, 0.9110925793647766, 0.9034629464149475, 0.8923147916793823, 0.8761296272277832, 0.9253148436546326, 0.9242222309112549, 0.9260370135307312, 0.9213518500328064, 0.9181666374206543]}