{
    "CNN": [
        [
            [
                1,
                [
                    3,
                    3
                ]
            ]
        ],
        [
            [
                1,
                [
                    3,
                    3
                ]
            ]
        ],
        [
            [
                1,
                [
                    3,
                    3
                ]
            ]
        ],
        [
            [
                1,
                [
                    3,
                    3
                ]
            ]
        ]
    ],
    "Dense": [
        [
            16
        ],
        [
            16
        ],
        [
            16
        ],
        [
            16
        ]
    ],
    "act_func": [
        "relu",
        "relu",
        "relu",
        "relu"
    ],
    "batch_size": [
        16,
        32,
        64,
        128
    ],
    "filename": [
        "model_configs/model0_savefile",
        "model_configs/model1_savefile",
        "model_configs/model2_savefile",
        "model_configs/model3_savefile"
    ],
    "accuracy": [
        0.9313703775405884,
        0.9400925636291504,
        0.9387221932411194,
        0.9331111311912537
    ]
}