{
    "CNN": [
        "[()]",
        "[()]",
        "[()]",
        "[()]",
        "[()]",
        "[()]",
        "[()]",
        "[()]",
        "[()]",
        "[()]",
        "[()]",
        "[()]",
        "[()]",
        "[()]",
        "[()]"
    ],
    "Dense": [
        "[(32,)]",
        "[(64,)]",
        "[(128,)]",
        "[(256,)]",
        "[(32, 32)]",
        "[(32, 64)]",
        "[(32, 128)]",
        "[(32, 256)]",
        "[(64, 32)]",
        "[(64, 64)]",
        "[(64, 128)]",
        "[(64, 256)]",
        "[(128, 32)]",
        "[(128, 64)]",
        "[(128, 128)]"
    ],
    "batch_size": [
        64,
        64,
        64,
        64,
        64,
        64,
        64,
        64,
        64,
        64,
        64,
        64,
        64,
        64,
        64
    ],
    "filename": [
        "model_configs/model0_savefile",
        "model_configs/model1_savefile",
        "model_configs/model2_savefile",
        "model_configs/model3_savefile",
        "model_configs/model4_savefile",
        "model_configs/model5_savefile",
        "model_configs/model6_savefile",
        "model_configs/model7_savefile",
        "model_configs/model8_savefile",
        "model_configs/model9_savefile",
        "model_configs/model10_savefile",
        "model_configs/model11_savefile",
        "model_configs/model12_savefile",
        "model_configs/model13_savefile",
        "model_configs/model14_savefile"
    ],
    "accuracy": [
        0.9551481604576111,
        0.9684814810752869,
        0.9759629368782043,
        0.982796311378479,
        0.959685206413269,
        0.9622592329978943,
        0.9637963175773621,
        0.9670925736427307,
        0.9701111316680908,
        0.971833348274231,
        0.9747222065925598,
        0.9760000109672546,
        0.9780740737915039,
        0.978851854801178,
        0.9804815053939819
    ]
}