{
    "CNN": [
        "[()]",
        "[()]",
        "[()]",
        "[()]",
        "[()]",
        "[()]",
        "[()]",
        "[()]",
        "[()]",
        "[()]",
        "[()]",
        "[()]",
        "[()]",
        "[()]",
        "[()]",
        "[()]",
        "[()]"
    ],
    "Dense": [
        "[(64,)]",
        "[(128,)]",
        "[(256,)]",
        "[(256,)]",
        "[(256,)]",
        "[(64, 64)]",
        "[(64, 64)]",
        "[(64, 64)]",
        "[(64, 128)]",
        "[(64, 128)]",
        "[(64, 128)]",
        "[(64, 256)]",
        "[(64, 256)]",
        "[(64, 256)]",
        "[(64, 128)]",
        "[(64, 128)]",
        "[(64, 256)]"
    ],
    "accuracy": [
        0.9687407612800598,
        0.9781296253204346,
        0.9812963008880615,
        0.9812963008880615,
        0.9812963008880615,
        0.9729999899864197,
        0.9729999899864197,
        0.9729999899864197,
        0.9754258990287781,
        0.9754258990287781,
        0.9754258990287781,
        0.9767407178878784,
        0.9767407178878784,
        0.9767407178878784,
        0.9747777581214905,
        0.9747777581214905,
        0.9760185480117798
    ],
    "num1": [
        7,
        0,
        7,
        4,
        5,
        5,
        0,
        3,
        0,
        6,
        4,
        5,
        4,
        8,
        0,
        8,
        6
    ],
    "num2": [
        4,
        8,
        3,
        3,
        7,
        9,
        6,
        0,
        6,
        9,
        3,
        7,
        2,
        5,
        3,
        6,
        9
    ],
    "accuracy_timeline": []
}