{
    "CNN": [
        "[()]",
        "[()]",
        "[()]",
        "[()]"
    ],
    "Dense": [
        "[(64,)]",
        "[(128,)]",
        "[(256,)]",
        "[(256,)]"
    ],
    "accuracy": [
        0.9687407612800598,
        0.9781296253204346,
        0.9812963008880615,
        0.9812963008880615
    ],
    "num1": [
        7,
        0,
        7,
        4
    ],
    "num2": [
        4,
        8,
        3,
        3
    ],
    "accuracy_timeline": []
}