{"CNN": [[[1, [2, 2]]], [[1, [2, 2]]], [[1, [2, 2]]], [[1, [2, 2]]], [[1, [2, 2]]]], "Dense": [[16], [16], [16], [16], [16]], "act_func": ["relu", "relu", "relu", "relu", "sigmoid"], "batch_size": [16, 32, 64, 128, 16], "filename": ["model_configs/model0_savefile", "model_configs/model1_savefile", "model_configs/model2_savefile", "model_configs/model3_savefile", "model_configs/model4_savefile"], "accuracy": [0.8912962675094604, 0.9209259152412415, 0.9252407550811768, 0.8603147864341736, 0.9068148136138916]}